[null,{"name":"help","permissions":"NONE","restriction":"0","actions":[{"channel":"0","varName":"","message":"```\n/help                             Felsorolja az elérhető parancsokat\n/info                             Felsorol pár információt\n/update                           Felsorolja a frissítéseket\n/kick [@user]                     Kirúgja az említett felhasználót\n/ban [@user] [indok]              Kitiltja az említett felhasználót\n/tempban [@user] [@idő] [indok]   Ideiglenes kitiltja az említett felhasználót\n/clear [mennyíség]                Kitöröl adott mennyíségű üzenetet\n/level                            Megmutatja hogy hányas szintű vagy\n```","storage":"0","varName2":"","name":"Send Message"}],"_id":"kUISC"},{"name":"info","permissions":"NONE","restriction":"0","actions":[{"channel":"0","varName":"","message":"```\nEzt a botot készítette:  Peti#7377\nKészítés kezdése:        2020.08.07.\nWeboldala:               [Készülőben]\nHa szükséged van saját bot akkor írj rá Peti#7377-re.\nA bot folyamatosan frissül.\n```\n","storage":"0","varName2":"","name":"Send Message"}],"_id":"dnhJS"},{"name":"update","permissions":"NONE","restriction":"0","_id":"itukd","actions":[{"channel":"0","varName":"","message":"```\n2020.08.07. | 17:41 Bekerült az temp-ban parancs.\n2020.08.07. | 18:36 Bekerült a level up system.\n```","storage":"0","varName2":"","name":"Send Message"}]},{"name":"--------------------------------------","permissions":"NONE","restriction":"1","_id":"eOStI","actions":[]},{"name":"clear","permissions":"MANAGE_MESSAGES","restriction":"1","actions":[{"info":"0","infoIndex":"1","storage":"1","varName":"amount","name":"Store Command Params"},{"channel":"0","count":"${tempVars(\"amount\")}","condition":"0","custom":"","varName":"","name":"Delete Bulk Messages"},{"storage":"0","varName":"","name":"Delete Message"}],"_id":"uvUMj"},{"name":"kick","permissions":"KICK_MEMBERS","restriction":"1","actions":[{"condition":"1","comparison":"0","value":"1","iftrue":"3","iftrueVal":"2","iffalse":"0","iffalseVal":"","name":"Check Parameters"},{"channel":"0","varName":"","message":"```\nKérlek használd ezt a mintát, ha kiakarnál valakit rúgni!\n/kick [@user]\n```","storage":"0","varName2":"","name":"Send Message"},{"name":"End Action Sequence"},{"info":"1","infoIndex":"2","storage":"1","varName":"reason","name":"Store Command Params"},{"member":"0","varName":"","reason":"${tempVars(\"reason\") || \"\"}","name":"Kick Member"}],"_id":"moUoK"},{"name":"ban","permissions":"BAN_MEMBERS","restriction":"1","actions":[{"condition":"1","comparison":"0","value":"1","iftrue":"3","iftrueVal":"2","iffalse":"0","iffalseVal":"","name":"Check Parameters"},{"channel":"0","varName":"","message":"```\nKérlek használd ezt a mintát, ha kiakarnál valakit tiltani!\n/ban [@user] [indok]\n```","storage":"0","varName2":"","name":"Send Message"},{"name":"End Action Sequence"},{"info":"1","infoIndex":"2","storage":"1","varName":"reason","name":"Store Command Params"},{"member":"0","varName":"","reason":"${tempVars(\"reason\") || \"\"}","name":"Ban Member"}],"_id":"MlFgP"},{"name":"tempban","permissions":"BAN_MEMBERS","restriction":"1","_id":"hmgus","actions":[{"condition":"0","comparison":"2","value":"2","iftrue":"3","iftrueVal":"2","iffalse":"0","iffalseVal":"","name":"Check Parameters"},{"channel":"0","varName":"","message":"Kérlek használd ezt a mintát, ha kiakarnál valakit tiltani!\n/tempban [@user] [hours] [indok]","storage":"0","varName2":"","name":"Send Message"},{"name":"End Action Sequence"},{"info":"2","infoIndex":"1","storage":"1","varName":"user","name":"Store Command Params"},{"info":"0","infoIndex":"2","storage":"1","varName":"hours","name":"Store Command Params"},{"info":"1","infoIndex":"3","storage":"1","varName":"reason","name":"Store Command Params"},{"channel":"0","varName":"","message":"${tempVars(\"user\")} ki lett bannolva,  ${tempVars(\"hours\")} órára ez indokkal: ${tempVars(\"reason\")}","storage":"0","varName2":"","name":"Send Message"},{"member":"0","varName":"","reason":"${tempVars(\"reason\")}","days":"","name":"Ban Member"},{"time":"${tempVars(\"hours\")}","measurement":"3","name":"Wait"},{"member":"0","varName":"","reason":"${tempVars(\"user\")} unbannolva lett ennyi idő után: ${tempVars(\"hours\")}","name":"Unban Member"}]},{"name":"--------------------------------------","permissions":"NONE","restriction":"1","_id":"GerpW","actions":[]},{"name":"level","permissions":"NONE","restriction":"1","actions":[{"member":"1","varName":"","dataName":"level","defaultVal":"1","storage":"1","varName2":"myLevel","name":"Store Member Data"},{"channel":"0","varName":"","message":"A te szinted: ${tempVars(\"myLevel\")}.","storage":"0","varName2":"","name":"Send Message"}],"_id":"LJyyr"},{"name":"--------------------------------------","permissions":"NONE","restriction":"1","_id":"jhLrk","actions":[]},{"name":"","permissions":"NONE","restriction":"1","_id":"bFSjU","actions":[]}]